Cerebellum_1,mart_export_cerebellum_1,TRUE
Cerebellum_2,mart_export_cerebellum_2,TRUE
Cerebellum_3,mart_export_cerebellum_3,TRUE
Cerebellum_4,mart_export_cerebellum_4,TRUE
Cerebellum_5,mart_export_cerebellum_5,TRUE
Cerebellum_6,mart_export_cerebellum_6,TRUE
Cerebellum_7,mart_export_cerebellum_7,TRUE
Cerebellum_8,mart_export_cerebellum_8,TRUE
Cerebellum_9,mart_export_cerebellum_9,TRUE
Cerebellum_10,mart_export_cerebellum_10,TRUE
Cerebellum_11,mart_export_cerebellum_11,TRUE
Cerebellum_12,mart_export_cerebellum_12,TRUE
Cerebellum_13,mart_export_cerebellum_13,TRUE
Cerebellum_14,mart_export_cerebellum_14,TRUE
Cerebellum_15,mart_export_cerebellum_15,TRUE
Cerebellum_16,mart_export_cerebellum_16,TRUE
Cerebellum_17,mart_export_cerebellum_17,TRUE
Cerebellum_18,mart_export_cerebellum_18,TRUE
Cerebellum_19,mart_export_cerebellum_19,TRUE
Cerebellum_20,mart_export_cerebellum_20,TRUE
Cerebellum_21,mart_export_cerebellum_21,TRUE
Cerebellum_22,mart_export_cerebellum_22,TRUE
Cerebellum_23,mart_export_cerebellum_23,TRUE
Cerebellum_24,mart_export_cerebellum_24,TRUE
Cerebellum_25,mart_export_cerebellum_25,TRUE
Cerebellum_26,mart_export_cerebellum_26,TRUE
Cerebellum_27,mart_export_cerebellum_27,TRUE
Cerebellum_28,mart_export_cerebellum_28,TRUE
Cerebellum_29,mart_export_cerebellum_29,TRUE
Cerebellum_30,mart_export_cerebellum_30,TRUE
Cerebellum_31,mart_export_cerebellum_31,TRUE
Cerebellum_32,mart_export_cerebellum_32,TRUE
Cerebellum_33,mart_export_cerebellum_33,TRUE
Cerebellum_34,mart_export_cerebellum_34,TRUE
Cerebellum_35,mart_export_cerebellum_35,TRUE
Cerebellum_36,mart_export_cerebellum_36,TRUE
Cerebellum_37,mart_export_cerebellum_37,TRUE
Cerebellum_38,mart_export_cerebellum_38,TRUE
Cerebellum_39,mart_export_cerebellum_39,TRUE
Cerebellum_40,mart_export_cerebellum_40,TRUE
Cerebellum_41,mart_export_cerebellum_41,TRUE
Cerebellum_42,mart_export_cerebellum_42,TRUE
Cerebellum_43,mart_export_cerebellum_43,TRUE
Cerebellum_44,mart_export_cerebellum_44,TRUE
Cerebellum_45,mart_export_cerebellum_45,TRUE
Cerebellum_46,mart_export_cerebellum_46,TRUE
Cerebellum_47,mart_export_cerebellum_47,TRUE
Cerebellum_48,mart_export_cerebellum_48,TRUE
Cerebellum_49,mart_export_cerebellum_49,TRUE
Cerebellum_50,mart_export_cerebellum_50,TRUE
Cerebellum_51,mart_export_cerebellum_51,TRUE
Cerebellum_52,mart_export_cerebellum_52,TRUE
Cerebellum_53,mart_export_cerebellum_53,TRUE
Cerebellum_54,mart_export_cerebellum_54,TRUE
Cerebellum_55,mart_export_cerebellum_55,TRUE
Cerebellum_56,mart_export_cerebellum_56,TRUE
Cerebellum_57,mart_export_cerebellum_57,TRUE
Cerebellum_58,mart_export_cerebellum_58,TRUE
Cerebellum_59,mart_export_cerebellum_59,TRUE
Cerebellum_60,mart_export_cerebellum_60,TRUE
Cerebellum_61,mart_export_cerebellum_61,TRUE
Cerebellum_62,mart_export_cerebellum_62,TRUE
Cerebellum_63,mart_export_cerebellum_63,TRUE
Cerebellum_64,mart_export_cerebellum_64,TRUE
Cerebellum_65,mart_export_cerebellum_65,TRUE
Cerebellum_66,mart_export_cerebellum_66,TRUE
Cerebellum_67,mart_export_cerebellum_67,TRUE
Cerebellum_68,mart_export_cerebellum_68,TRUE
Cerebellum_69,mart_export_cerebellum_69,TRUE
Cerebellum_70,mart_export_cerebellum_70,TRUE
Cerebellum_71,mart_export_cerebellum_71,TRUE
Cerebellum_72,mart_export_cerebellum_72,TRUE
Cerebellum_73,mart_export_cerebellum_73,TRUE
Cerebellum_74,mart_export_cerebellum_74,TRUE
Cerebellum_75,mart_export_cerebellum_75,TRUE
Cerebellum_76,mart_export_cerebellum_76,TRUE
Cerebellum_77,mart_export_cerebellum_77,TRUE
Cerebellum_78,mart_export_cerebellum_78,TRUE
Cerebellum_79,mart_export_cerebellum_79,TRUE
Cerebellum_80,mart_export_cerebellum_80,TRUE
Cerebellum_81,mart_export_cerebellum_81,TRUE
Cerebellum_82,mart_export_cerebellum_82,TRUE
Cerebellum_83,mart_export_cerebellum_83,TRUE
Cerebellum_84,mart_export_cerebellum_84,TRUE
Cerebellum_85,mart_export_cerebellum_85,TRUE
Cerebellum_86,mart_export_cerebellum_86,TRUE
Cerebellum_87,mart_export_cerebellum_87,TRUE
Cerebellum_88,mart_export_cerebellum_88,TRUE
Cerebellum_89,mart_export_cerebellum_89,TRUE
Cerebellum_90,mart_export_cerebellum_90,TRUE
Cerebellum_91,mart_export_cerebellum_91,TRUE
Cerebellum_92,mart_export_cerebellum_92,TRUE
Cerebellum_93,mart_export_cerebellum_93,TRUE
Cerebellum_94,mart_export_cerebellum_94,TRUE
Cerebellum_95,mart_export_cerebellum_95,TRUE
Cerebellum_96,mart_export_cerebellum_96,TRUE
Cerebellum_97,mart_export_cerebellum_97,TRUE
Cerebellum_98,mart_export_cerebellum_98,TRUE
Cerebellum_99,mart_export_cerebellum_99,TRUE
Cerebellum_100,mart_export_cerebellum_100,TRUE
Cerebellum_1,mart_export_cerebellum_2,FALSE
Cerebellum_2,mart_export_cerebellum_1,FALSE
Cerebellum_3,mart_export_cerebellum_4,FALSE
Cerebellum_4,mart_export_cerebellum_3,FALSE
Cerebellum_5,mart_export_cerebellum_6,FALSE
Cerebellum_6,mart_export_cerebellum_5,FALSE
Cerebellum_7,mart_export_cerebellum_8,FALSE
Cerebellum_8,mart_export_cerebellum_7,FALSE
Cerebellum_9,mart_export_cerebellum_10,FALSE
Cerebellum_10,mart_export_cerebellum_9,FALSE
Cerebellum_11,mart_export_cerebellum_12,FALSE
Cerebellum_12,mart_export_cerebellum_11,FALSE
Cerebellum_13,mart_export_cerebellum_14,FALSE
Cerebellum_14,mart_export_cerebellum_13,FALSE
Cerebellum_15,mart_export_cerebellum_16,FALSE
Cerebellum_16,mart_export_cerebellum_15,FALSE
Cerebellum_17,mart_export_cerebellum_18,FALSE
Cerebellum_18,mart_export_cerebellum_17,FALSE
Cerebellum_19,mart_export_cerebellum_20,FALSE
Cerebellum_20,mart_export_cerebellum_19,FALSE
Cerebellum_21,mart_export_cerebellum_22,FALSE
Cerebellum_22,mart_export_cerebellum_21,FALSE
Cerebellum_23,mart_export_cerebellum_24,FALSE
Cerebellum_24,mart_export_cerebellum_23,FALSE
Cerebellum_25,mart_export_cerebellum_26,FALSE
Cerebellum_26,mart_export_cerebellum_25,FALSE
Cerebellum_27,mart_export_cerebellum_28,FALSE
Cerebellum_28,mart_export_cerebellum_27,FALSE
Cerebellum_29,mart_export_cerebellum_30,FALSE
Cerebellum_30,mart_export_cerebellum_29,FALSE
Cerebellum_31,mart_export_cerebellum_32,FALSE
Cerebellum_32,mart_export_cerebellum_31,FALSE
Cerebellum_33,mart_export_cerebellum_34,FALSE
Cerebellum_34,mart_export_cerebellum_33,FALSE
Cerebellum_35,mart_export_cerebellum_36,FALSE
Cerebellum_36,mart_export_cerebellum_35,FALSE
Cerebellum_37,mart_export_cerebellum_38,FALSE
Cerebellum_38,mart_export_cerebellum_37,FALSE
Cerebellum_39,mart_export_cerebellum_40,FALSE
Cerebellum_40,mart_export_cerebellum_39,FALSE
Cerebellum_41,mart_export_cerebellum_42,FALSE
Cerebellum_42,mart_export_cerebellum_41,FALSE
Cerebellum_43,mart_export_cerebellum_44,FALSE
Cerebellum_44,mart_export_cerebellum_43,FALSE
Cerebellum_45,mart_export_cerebellum_46,FALSE
Cerebellum_46,mart_export_cerebellum_45,FALSE
Cerebellum_47,mart_export_cerebellum_48,FALSE
Cerebellum_48,mart_export_cerebellum_47,FALSE
Cerebellum_49,mart_export_cerebellum_50,FALSE
Cerebellum_50,mart_export_cerebellum_49,FALSE
Cerebellum_51,mart_export_cerebellum_52,FALSE
Cerebellum_52,mart_export_cerebellum_51,FALSE
Cerebellum_53,mart_export_cerebellum_54,FALSE
Cerebellum_54,mart_export_cerebellum_53,FALSE
Cerebellum_55,mart_export_cerebellum_56,FALSE
Cerebellum_56,mart_export_cerebellum_55,FALSE
Cerebellum_57,mart_export_cerebellum_58,FALSE
Cerebellum_58,mart_export_cerebellum_57,FALSE
Cerebellum_59,mart_export_cerebellum_60,FALSE
Cerebellum_60,mart_export_cerebellum_59,FALSE
Cerebellum_61,mart_export_cerebellum_62,FALSE
Cerebellum_62,mart_export_cerebellum_61,FALSE
Cerebellum_63,mart_export_cerebellum_64,FALSE
Cerebellum_64,mart_export_cerebellum_63,FALSE
Cerebellum_65,mart_export_cerebellum_66,FALSE
Cerebellum_66,mart_export_cerebellum_65,FALSE
Cerebellum_67,mart_export_cerebellum_68,FALSE
Cerebellum_68,mart_export_cerebellum_67,FALSE
Cerebellum_69,mart_export_cerebellum_70,FALSE
Cerebellum_70,mart_export_cerebellum_69,FALSE
Cerebellum_71,mart_export_cerebellum_72,FALSE
Cerebellum_72,mart_export_cerebellum_71,FALSE
Cerebellum_73,mart_export_cerebellum_74,FALSE
Cerebellum_74,mart_export_cerebellum_73,FALSE
Cerebellum_75,mart_export_cerebellum_76,FALSE
Cerebellum_76,mart_export_cerebellum_75,FALSE
Cerebellum_77,mart_export_cerebellum_78,FALSE
Cerebellum_78,mart_export_cerebellum_77,FALSE
Cerebellum_79,mart_export_cerebellum_80,FALSE
Cerebellum_80,mart_export_cerebellum_79,FALSE
Cerebellum_81,mart_export_cerebellum_82,FALSE
Cerebellum_82,mart_export_cerebellum_81,FALSE
Cerebellum_83,mart_export_cerebellum_84,FALSE
Cerebellum_84,mart_export_cerebellum_83,FALSE
Cerebellum_85,mart_export_cerebellum_86,FALSE
Cerebellum_86,mart_export_cerebellum_85,FALSE
Cerebellum_87,mart_export_cerebellum_88,FALSE
Cerebellum_88,mart_export_cerebellum_87,FALSE
Cerebellum_89,mart_export_cerebellum_90,FALSE
Cerebellum_90,mart_export_cerebellum_89,FALSE
Cerebellum_91,mart_export_cerebellum_92,FALSE
Cerebellum_92,mart_export_cerebellum_91,FALSE
Cerebellum_93,mart_export_cerebellum_94,FALSE
Cerebellum_94,mart_export_cerebellum_93,FALSE
Cerebellum_95,mart_export_cerebellum_96,FALSE
Cerebellum_96,mart_export_cerebellum_95,FALSE
Cerebellum_97,mart_export_cerebellum_98,FALSE
Cerebellum_98,mart_export_cerebellum_97,FALSE
Cerebellum_99,mart_export_cerebellum_100,FALSE
Cerebellum_100,mart_export_cerebellum_99,FALSE
