Brain_1,mart_export_brain_1,TRUE
Brain_2,mart_export_brain_2,TRUE
Brain_3,mart_export_brain_3,TRUE
Brain_4,mart_export_brain_4,TRUE
Brain_5,mart_export_brain_5,TRUE
Brain_6,mart_export_brain_6,TRUE
Brain_7,mart_export_brain_7,TRUE
Brain_8,mart_export_brain_8,TRUE
Brain_9,mart_export_brain_9,TRUE
Brain_10,mart_export_brain_10,TRUE
Brain_11,mart_export_brain_11,TRUE
Brain_12,mart_export_brain_12,TRUE
Brain_13,mart_export_brain_13,TRUE
Brain_14,mart_export_brain_14,TRUE
Brain_15,mart_export_brain_15,TRUE
Brain_16,mart_export_brain_16,TRUE
Brain_17,mart_export_brain_17,TRUE
Brain_18,mart_export_brain_18,TRUE
Brain_19,mart_export_brain_19,TRUE
Brain_20,mart_export_brain_20,TRUE
Brain_21,mart_export_brain_21,TRUE
Brain_22,mart_export_brain_22,TRUE
Brain_23,mart_export_brain_23,TRUE
Brain_24,mart_export_brain_24,TRUE
Brain_25,mart_export_brain_25,TRUE
Brain_26,mart_export_brain_26,TRUE
Brain_27,mart_export_brain_27,TRUE
Brain_28,mart_export_brain_28,TRUE
Brain_29,mart_export_brain_29,TRUE
Brain_30,mart_export_brain_30,TRUE
Brain_31,mart_export_brain_31,TRUE
Brain_32,mart_export_brain_32,TRUE
Brain_33,mart_export_brain_33,TRUE
Brain_34,mart_export_brain_34,TRUE
Brain_35,mart_export_brain_35,TRUE
Brain_36,mart_export_brain_36,TRUE
Brain_37,mart_export_brain_37,TRUE
Brain_38,mart_export_brain_38,TRUE
Brain_39,mart_export_brain_39,TRUE
Brain_40,mart_export_brain_40,TRUE
Brain_41,mart_export_brain_41,TRUE
Brain_42,mart_export_brain_42,TRUE
Brain_43,mart_export_brain_43,TRUE
Brain_44,mart_export_brain_44,TRUE
Brain_45,mart_export_brain_45,TRUE
Brain_46,mart_export_brain_46,TRUE
Brain_47,mart_export_brain_47,TRUE
Brain_48,mart_export_brain_48,TRUE
Brain_49,mart_export_brain_49,TRUE
Brain_50,mart_export_brain_50,TRUE
Brain_51,mart_export_brain_51,TRUE
Brain_52,mart_export_brain_52,TRUE
Brain_53,mart_export_brain_53,TRUE
Brain_54,mart_export_brain_54,TRUE
Brain_55,mart_export_brain_55,TRUE
Brain_56,mart_export_brain_56,TRUE
Brain_57,mart_export_brain_57,TRUE
Brain_58,mart_export_brain_58,TRUE
Brain_59,mart_export_brain_59,TRUE
Brain_60,mart_export_brain_60,TRUE
Brain_61,mart_export_brain_61,TRUE
Brain_62,mart_export_brain_62,TRUE
Brain_63,mart_export_brain_63,TRUE
Brain_64,mart_export_brain_64,TRUE
Brain_65,mart_export_brain_65,TRUE
Brain_66,mart_export_brain_66,TRUE
Brain_67,mart_export_brain_67,TRUE
Brain_68,mart_export_brain_68,TRUE
Brain_69,mart_export_brain_69,TRUE
Brain_70,mart_export_brain_70,TRUE
Brain_71,mart_export_brain_71,TRUE
Brain_72,mart_export_brain_72,TRUE
Brain_73,mart_export_brain_73,TRUE
Brain_74,mart_export_brain_74,TRUE
Brain_75,mart_export_brain_75,TRUE
Brain_76,mart_export_brain_76,TRUE
Brain_77,mart_export_brain_77,TRUE
Brain_78,mart_export_brain_78,TRUE
Brain_79,mart_export_brain_79,TRUE
Brain_80,mart_export_brain_80,TRUE
Brain_81,mart_export_brain_81,TRUE
Brain_82,mart_export_brain_82,TRUE
Brain_83,mart_export_brain_83,TRUE
Brain_84,mart_export_brain_84,TRUE
Brain_85,mart_export_brain_85,TRUE
Brain_86,mart_export_brain_86,TRUE
Brain_87,mart_export_brain_87,TRUE
Brain_88,mart_export_brain_88,TRUE
Brain_89,mart_export_brain_89,TRUE
Brain_90,mart_export_brain_90,TRUE
Brain_91,mart_export_brain_91,TRUE
Brain_92,mart_export_brain_92,TRUE
Brain_93,mart_export_brain_93,TRUE
Brain_94,mart_export_brain_94,TRUE
Brain_95,mart_export_brain_95,TRUE
Brain_96,mart_export_brain_96,TRUE
Brain_97,mart_export_brain_97,TRUE
Brain_98,mart_export_brain_98,TRUE
Brain_99,mart_export_brain_99,TRUE
Brain_100,mart_export_brain_100,TRUE
Brain_1,mart_export_brain_2,FALSE
Brain_2,mart_export_brain_1,FALSE
Brain_3,mart_export_brain_4,FALSE
Brain_4,mart_export_brain_3,FALSE
Brain_5,mart_export_brain_6,FALSE
Brain_6,mart_export_brain_5,FALSE
Brain_7,mart_export_brain_8,FALSE
Brain_8,mart_export_brain_7,FALSE
Brain_9,mart_export_brain_10,FALSE
Brain_10,mart_export_brain_9,FALSE
Brain_11,mart_export_brain_12,FALSE
Brain_12,mart_export_brain_11,FALSE
Brain_13,mart_export_brain_14,FALSE
Brain_14,mart_export_brain_13,FALSE
Brain_15,mart_export_brain_16,FALSE
Brain_16,mart_export_brain_15,FALSE
Brain_17,mart_export_brain_18,FALSE
Brain_18,mart_export_brain_17,FALSE
Brain_19,mart_export_brain_20,FALSE
Brain_20,mart_export_brain_19,FALSE
Brain_21,mart_export_brain_22,FALSE
Brain_22,mart_export_brain_21,FALSE
Brain_23,mart_export_brain_24,FALSE
Brain_24,mart_export_brain_23,FALSE
Brain_25,mart_export_brain_26,FALSE
Brain_26,mart_export_brain_25,FALSE
Brain_27,mart_export_brain_28,FALSE
Brain_28,mart_export_brain_27,FALSE
Brain_29,mart_export_brain_30,FALSE
Brain_30,mart_export_brain_29,FALSE
Brain_31,mart_export_brain_32,FALSE
Brain_32,mart_export_brain_31,FALSE
Brain_33,mart_export_brain_34,FALSE
Brain_34,mart_export_brain_33,FALSE
Brain_35,mart_export_brain_36,FALSE
Brain_36,mart_export_brain_35,FALSE
Brain_37,mart_export_brain_38,FALSE
Brain_38,mart_export_brain_37,FALSE
Brain_39,mart_export_brain_40,FALSE
Brain_40,mart_export_brain_39,FALSE
Brain_41,mart_export_brain_42,FALSE
Brain_42,mart_export_brain_41,FALSE
Brain_43,mart_export_brain_44,FALSE
Brain_44,mart_export_brain_43,FALSE
Brain_45,mart_export_brain_46,FALSE
Brain_46,mart_export_brain_45,FALSE
Brain_47,mart_export_brain_48,FALSE
Brain_48,mart_export_brain_47,FALSE
Brain_49,mart_export_brain_50,FALSE
Brain_50,mart_export_brain_49,FALSE
Brain_51,mart_export_brain_52,FALSE
Brain_52,mart_export_brain_51,FALSE
Brain_53,mart_export_brain_54,FALSE
Brain_54,mart_export_brain_53,FALSE
Brain_55,mart_export_brain_56,FALSE
Brain_56,mart_export_brain_55,FALSE
Brain_57,mart_export_brain_58,FALSE
Brain_58,mart_export_brain_57,FALSE
Brain_59,mart_export_brain_60,FALSE
Brain_60,mart_export_brain_59,FALSE
Brain_61,mart_export_brain_62,FALSE
Brain_62,mart_export_brain_61,FALSE
Brain_63,mart_export_brain_64,FALSE
Brain_64,mart_export_brain_63,FALSE
Brain_65,mart_export_brain_66,FALSE
Brain_66,mart_export_brain_65,FALSE
Brain_67,mart_export_brain_68,FALSE
Brain_68,mart_export_brain_67,FALSE
Brain_69,mart_export_brain_70,FALSE
Brain_70,mart_export_brain_69,FALSE
Brain_71,mart_export_brain_72,FALSE
Brain_72,mart_export_brain_71,FALSE
Brain_73,mart_export_brain_74,FALSE
Brain_74,mart_export_brain_73,FALSE
Brain_75,mart_export_brain_76,FALSE
Brain_76,mart_export_brain_75,FALSE
Brain_77,mart_export_brain_78,FALSE
Brain_78,mart_export_brain_77,FALSE
Brain_79,mart_export_brain_80,FALSE
Brain_80,mart_export_brain_79,FALSE
Brain_81,mart_export_brain_82,FALSE
Brain_82,mart_export_brain_81,FALSE
Brain_83,mart_export_brain_84,FALSE
Brain_84,mart_export_brain_83,FALSE
Brain_85,mart_export_brain_86,FALSE
Brain_86,mart_export_brain_85,FALSE
Brain_87,mart_export_brain_88,FALSE
Brain_88,mart_export_brain_87,FALSE
Brain_89,mart_export_brain_90,FALSE
Brain_90,mart_export_brain_89,FALSE
Brain_91,mart_export_brain_92,FALSE
Brain_92,mart_export_brain_91,FALSE
Brain_93,mart_export_brain_94,FALSE
Brain_94,mart_export_brain_93,FALSE
Brain_95,mart_export_brain_96,FALSE
Brain_96,mart_export_brain_95,FALSE
Brain_97,mart_export_brain_98,FALSE
Brain_98,mart_export_brain_97,FALSE
Brain_99,mart_export_brain_100,FALSE
Brain_100,mart_export_brain_99,FALSE
